method,n,runtime_total_mean_s,runtime_total_std_s,runtime_init_mean_s,runtime_completion_including_selection_mean_s,timing_provenance,case_count,density_points,min_repeats,max_repeats
FVG,8,0.0013769050111295655,0.0006790461922275041,,,historical,100,20,5,5
FVG,16,0.007456775614060461,0.0041815100291091286,,,historical,500,100,5,5
FVG,32,0.10211839799617882,0.05891802875510963,,,historical,500,100,5,5
FVG,64,0.9266341418161755,0.5449721692888166,,,historical,500,100,5,5
FVG,128,24.05661602558254,15.09556606678134,,,historical,500,100,5,5
MAC,8,0.004345736920222407,1.951877342091498e-05,,,fresh_matched,100,20,5,5
MAC,16,0.006314014020084869,8.355377810661743e-05,,,fresh_matched,500,100,5,5
MAC,32,0.01624501277410309,0.0004698692761070546,,,fresh_matched,500,100,5,5
MAC,64,0.04627781909590704,0.0015034970499768802,,,fresh_matched,500,100,5,5
MAC,128,0.15281702217800194,0.0056881172966443735,,,fresh_matched,500,100,5,5
MDMD,8,0.0008587805822025984,0.0004261742451852158,,,historical,100,20,5,5
MDMD,16,0.0054193944727303454,0.0032297540328327214,,,historical,500,100,5,5
MDMD,32,0.04918897450377699,0.03193055621605584,,,historical,500,100,5,5
MDMD,64,0.4082644838106353,0.2985262255161556,,,historical,500,100,5,5
MDMD,128,5.141210539267049,4.086030165121178,,,historical,500,100,5,5
WTS,8,0.5471052986377617,0.2777498594527164,,,historical,100,20,5,5
WTS,16,1.0049905516688014,0.5084032564114189,,,historical,500,100,5,5
WTS,32,2.1437937950572232,1.1617435833423542,,,historical,500,100,5,5
WTS,64,5.533692484651808,3.2083073254909147,,,historical,500,100,5,5
WTS,128,19.778575597072837,11.853295765573696,,,historical,500,100,5,5
k-opt,8,0.0519532548089046,0.04369228310770356,,,historical,100,20,5,5
k-opt,16,0.4037846309780143,0.26848739060115745,,,historical,500,100,5,5
k-opt,32,2.7015957588277524,2.0871139454718497,,,historical,500,100,5,5
k-opt,64,8.602762486558989,6.7201361701392806,,,historical,500,100,5,5
k-opt,128,38.7815912935097,23.80985648778823,,,historical,500,100,5,5
SDP-step,8,0.147736486986978,0.06985184984892649,,,historical,100,20,5,5
SDP-step,16,1.4189777960040373,0.6990165794451553,,,historical,500,100,5,5
SDP-step,32,24.88312950370507,11.114337311954406,,,historical,500,100,5,5
OA-PMC,8,10.62463888435741,6.705471886318683,,,historical,100,20,5,5
BB-RL,8,0.004849613760598004,0.0030312821784588746,0.0022451564502262043,0.0026044573103717996,fresh_matched,100,20,5,5
BB-RL,16,0.007759394094580785,0.004649745209435504,0.0027561286303971425,0.005003265464183642,fresh_matched,500,100,5,5
BB-RL,32,0.01497413770784624,0.00992134634374782,0.004823944514180767,0.010150193193665473,fresh_matched,500,100,5,5
BB-RL,64,0.038396862662222704,0.03279808163955683,0.015341322579915868,0.023055540082306834,fresh_matched,500,100,5,5
BB-RL,128,0.11973110271766199,0.13628727508847727,0.06076962632124196,0.05896147639642004,fresh_matched,500,100,5,5
