method,n,lambda2_mean,lambda2_std,delta_lambda2_mean,delta_lambda2_std,win_pct_vs_fvg,match_pct_vs_fvg,win_count,match_count,case_count,density_points,min_repeats,max_repeats
FVG,8,3.341698998039033,1.7662435512728434,0.0,0.0,0.0,100.0,0,100,100,20,5,5
FVG,16,6.722017617468586,4.17907570660709,0.0,0.0,0.0,100.0,0,500,500,100,5,5
FVG,32,13.98907073394077,8.813229445023172,0.0,0.0,0.0,100.0,0,500,500,100,5,5
FVG,64,28.87022832554794,18.192305964879658,0.0,0.0,0.0,100.0,0,500,500,100,5,5
FVG,128,59.155395365452804,36.84180107200713,0.0,0.0,0.0,100.0,0,500,500,100,5,5
MAC,8,2.8699608639881005,1.7158641034106794,-0.47173813405093246,0.41103736942459623,0.0,25.0,0,25,100,20,5,5
MAC,16,5.453389757453241,3.9230984246049077,-1.2686278600153438,0.6455396336686405,1.0,2.0,5,10,500,100,5,5
MAC,32,10.957611254640483,8.584070011401993,-3.031459479300288,1.4189943068582904,0.0,2.0,0,10,500,100,5,5
MAC,64,22.25044432075133,17.874365948173256,-6.61978400479661,3.097372534643926,0.0,1.0,0,5,500,100,5,5
MAC,128,45.43217124815867,36.330711949469276,-13.723224117294139,6.522269253206967,0.0,1.0,0,5,500,100,5,5
MDMD,8,3.25833258468412,1.7642324568352894,-0.0833664133549128,0.35479501098388255,10.0,50.0,10,50,100,20,5,5
MDMD,16,6.249221426532075,4.1278128440696635,-0.4727961909365102,0.39719869761610743,7.0,12.0,35,60,500,100,5,5
MDMD,32,12.900508723773806,8.674040037327922,-1.0885620101669637,0.7346639035687961,4.0,5.0,20,25,500,100,5,5
MDMD,64,26.72179924914001,17.949967481658486,-2.14842907640793,1.4854241978706773,1.0,3.0,5,15,500,100,5,5
MDMD,128,55.26931637995643,36.59355143516188,-3.886078985496378,2.4904441671044797,1.0,1.0,5,5,500,100,5,5
WTS,8,3.6120950638688143,1.7832138950563443,0.27039606582978165,0.359545314268981,50.0,50.0,50,50,100,20,5,5
WTS,16,6.901059549228733,4.080130318910288,0.17904193176014752,0.21841371510732888,83.0,12.4,415,62,500,100,5,5
WTS,32,13.76180461036857,8.625878867372881,-0.22726612357220077,0.3074544020394341,12.4,2.4,62,12,500,100,5,5
WTS,64,28.10980573179036,17.747241158873162,-0.7604225937575787,0.6252517804708861,2.4,2.0,12,10,500,100,5,5
WTS,128,57.520910464454076,36.07329043601089,-1.6344849009987252,1.1172488915255354,1.0,1.0,5,5,500,100,5,5
k-opt,8,3.527988283674432,1.7949410566099344,0.18628928563539926,0.2902312710746882,45.0,55.0,45,55,100,20,5,5
k-opt,16,6.921682022256175,4.214361923866252,0.1996644047875898,0.16260936876640486,81.0,19.0,405,95,500,100,5,5
k-opt,32,14.116258575609397,8.878552141170402,0.12718784166862715,0.12825097137492264,90.0,10.0,450,50,500,100,5,5
k-opt,64,28.912315776949118,18.21260709270035,0.04208745140117828,0.05451127939525592,80.0,20.0,400,100,500,100,5,5
k-opt,128,59.168266635369015,36.84370989489994,0.012871269916219093,0.021252221440422586,58.2,8.0,291,40,500,100,5,5
SDP-step,8,3.4199661809419633,1.7933357586168424,0.07826718290293042,0.5730929067529456,30.0,40.0,30,40,100,20,5,5
SDP-step,16,7.010355935874259,4.194590833221164,0.2883383184056739,0.5659948263649834,67.0,11.0,335,55,500,100,5,5
SDP-step,32,14.383484616089994,8.89826603299785,0.39441388214922535,0.7095034384958046,71.0,4.0,355,20,500,100,5,5
OA-PMC,8,3.652805741987469,1.7518377406956005,0.3111067439484361,0.3953592889230527,55.0,45.0,55,45,100,20,5,5
BB-RL,8,3.594507353689881,1.779722097462335,0.25280835565084847,0.41969998386143936,40.0,50.0,40,50,100,20,5,5
BB-RL,16,7.168776695909747,4.382567007347395,0.44675907844116175,0.6172691097362093,66.0,11.0,330,55,500,100,5,5
BB-RL,32,14.722134551440815,9.2912787906853,0.733063817500045,0.8527496963904277,71.0,3.0,355,15,500,100,5,5
BB-RL,64,29.995927717665005,18.95823234404782,1.1256993921170662,1.215610778321461,73.2,2.0,366,10,500,100,5,5
BB-RL,128,60.765429354165924,38.268783138132065,1.6100339887131216,1.9955856087939479,66.6,1.6,333,8,500,100,5,5
